id;title;comment;material_code;image_url;active
1;angrily analogy if;consign;definite consequently;of while;true
2;availability;instead wherever collaboration;by waft afore;physically;true
3;conceal accompanist;satisfy;coin carouse scientific;lest;true
4;eek before;how;beneath yowza outset;inside;true
5;custom gallery;so incidentally whoever;abnormally cleverly;edible unless;false
6;woot;midst;mortally awkwardly;joyfully unnecessarily;false
7;bravely railway notwithstanding;suburban happy-go-lucky wherever;below ugh;sonar;false
8;miserly busily elegant;geez onto early;apropos indeed embossing;cap triumphantly;false
9;certainly whoever;on;infatuated whether er;proper around;false
10;beneath giggle tidy;quick;enormously boo noisily;coop contradict legitimize;false
